0.493055556,10,8,10,15,10,10,10,11,10,10,0,10,15,15,15,10,5,15,4,5,12,10,10
0.356481481,10,10,11,15,10,8,10,10,10,10,0,10,15,13,15,10,5,15,5,5,12,10,10
0.421296296,8,10,9,15,10,8,10,10,10,10,0,10,13,15,15,10,5,15,5,7,14,10,10
0.458333333,8,10,10,15,10,10,11,10,10,10,0,10,13,15,15,10,7,15,5,5,15,10,10
0.449074074,10,10,10,13,8,8,10,10,10,10,0,10,14,15,15,10,5,15,5,5,15,10,10
0.814814815,9,11,10,14,11,10,10,10,10,10,0,10,13,15,15,10,5,15,5,5,12,10,10
0.775462963,10,9,10,15,10,10,10,10,10,10,3,10,15,15,15,10,5,15,5,5,13,10,10
0.787037037,10,11,10,14,10,10,10,11,8,10,0,10,15,15,15,10,5,15,5,5,12,10,10
0.884259259,10,10,10,12,10,10,10,11,10,10,0,10,15,15,15,10,5,15,5,5,15,10,10
0.796296296,10,10,10,15,10,10,10,10,10,10,0,10,15,15,15,10,5,13,5,5,12,10,10
0.168981481,10,10,10,12,10,10,10,10,10,9,0,10,14,15,15,10,5,15,5,5,12,10,10
0.388888889,8,10,10,14,8,10,10,8,10,10,0,8,15,15,15,10,5,15,5,5,12,10,10
0.162037037,8,10,10,15,8,10,10,8,10,8,0,10,13,15,15,10,5,15,5,5,15,10,8
0.296296296,10,10,11,14,10,10,10,10,8,10,0,10,13,15,12,10,5,15,5,5,14,10,10
0.108796296,8,8,8,15,10,10,10,10,10,10,0,10,15,15,15,10,5,13,5,5,13,9,10
0.108796296,10,10,10,14,10,9,10,10,10,10,0,10,14,15,15,10,5,13,5,5,14,10,10
0.400462963,10,10,10,15,10,10,10,11,10,10,0,10,15,15,15,10,5,15,4,5,15,10,10
0.837962963,9,10,10,14,10,10,8,10,10,10,0,10,15,15,15,10,5,15,5,5,15,10,10
0.1875,8,8,10,15,10,10,10,8,8,10,0,10,15,15,15,10,7,15,5,5,12,10,10
0.125,8,8,10,15,10,10,10,8,10,10,0,10,12,13,15,10,5,15,5,5,12,10,10
0.208333333,10,10,10,14,8,10,10,10,10,10,0,10,14,14,15,10,5,15,5,5,12,10,10
0.921296296,10,10,10,14,8,10,10,10,10,8,0,10,15,15,15,10,5,15,5,5,15,10,10
0.965277778,11,8,10,15,10,10,8,10,10,10,0,10,13,15,15,10,5,15,5,5,15,10,10
0.988425926,10,10,8,15,10,10,8,10,10,10,0,10,15,15,15,10,5,15,5,5,15,10,10
0.358796296,10,10,10,14,10,11,10,10,10,10,0,9,15,15,15,10,5,15,5,5,12,10,10
0.342592593,10,10,10,13,8,10,8,10,10,10,0,10,15,15,12,10,5,12,5,5,14,10,10
0.587962963,10,10,8,14,10,8,10,10,10,10,0,10,15,13,15,10,5,15,5,5,12,10,10
0.203703704,10,10,10,12,10,10,10,10,8,10,0,10,15,15,15,10,7,15,5,5,12,10,10
0.31712963,8,10,10,12,8,10,10,8,10,10,0,10,15,15,12,10,5,15,5,5,15,10,10
0.31712963,8,10,10,12,8,10,10,8,10,10,0,10,15,15,12,10,5,15,5,5,15,10,10
0.31712963,8,10,10,12,8,10,10,8,10,10,0,10,15,15,12,10,5,15,5,5,15,10,10
0.31712963,8,10,10,12,8,10,10,8,10,10,0,10,15,15,12,10,5,15,5,5,15,10,10
0.266203704,8,8,10,15,8,8,10,10,10,8,0,10,15,15,15,10,5,15,5,5,15,10,10
0.583333333,10,10,11,14,10,10,10,10,11,10,2,10,15,15,15,10,5,15,5,5,15,10,10
0.261574074,8,10,9,15,10,10,8,10,10,10,0,10,15,15,15,10,5,13,5,5,12,10,10
0.613425926,10,8,10,14,10,10,10,8,10,9,0,10,15,15,15,10,5,15,5,5,12,10,10
0.675925926,10,8,10,14,10,11,10,10,10,10,0,10,15,15,15,8,5,15,5,5,15,10,10
0.226851852,10,10,10,15,10,8,10,10,10,10,0,8,15,12,12,8,5,15,5,5,12,10,10
0.215277778,8,10,10,15,9,10,10,10,10,10,0,10,15,15,12,10,4,15,5,5,13,10,10
0.085648148,8,5,5,15,5,15,15,15,5,5,4,3,5,5,5,0,5,5,15,15,10,10,10
0.099537037,8,5,5,15,5,15,15,13,5,5,7,1,5,5,5,0,5,5,15,15,11,10,10
0.101851852,10,4,5,15,5,15,15,15,7,5,5,0,5,5,5,0,5,5,13,15,8,10,10
0.111111111,8,5,5,15,5,13,12,15,5,5,7,1,5,5,5,0,5,5,15,15,10,10,10
0.12962963,11,6,5,15,5,15,15,13,5,5,5,0,5,5,5,0,5,5,13,12,8,10,10
0.134259259,10,5,5,13,5,15,13,13,5,5,5,0,5,5,5,0,5,5,13,15,10,10,10
0.152777778,9,4,5,13,5,15,15,13,5,5,5,0,5,5,5,0,5,5,13,15,10,10,10
0.719907407,8,5,5,13,5,15,15,13,5,5,5,0,5,5,7,0,5,5,15,15,10,10,10
0.19212963,8,5,5,13,5,15,15,13,5,5,5,0,5,7,5,0,5,5,15,13,9,10,10
0.206018519,8,5,5,15,5,13,15,15,5,5,5,2,5,5,5,0,5,5,15,14,10,10,10
0.238425926,10,5,5,15,5,15,13,13,5,5,4,1,5,5,4,1,5,5,15,15,10,10,9
0.046296296,10,5,5,13,5,15,15,12,5,5,5,0,7,5,5,0,5,5,13,15,10,10,10
0.104166667,10,6,5,15,5,13,15,13,5,7,5,0,5,5,5,0,5,5,15,13,11,10,10
0.277777778,10,5,5,13,5,15,12,13,5,5,5,0,5,5,5,0,5,5,15,14,10,10,11
0.180555556,10,5,7,15,5,15,15,13,5,5,5,0,5,5,5,0,5,4,13,15,11,10,10
0.240740741,8,5,5,15,5,15,15,12,7,5,5,0,5,5,5,0,5,5,15,15,10,10,9
0.064814815,10,7,6,15,4,15,15,13,5,5,5,0,5,5,5,0,5,5,15,15,10,10,10
0.05787037,10,5,5,13,5,15,15,13,5,5,5,0,5,5,5,0,5,5,13,15,10,11,10
0.048611111,8,5,5,15,7,14,15,13,5,5,5,0,5,5,5,0,5,5,12,14,10,10,10
0.291666667,10,7,5,15,5,15,15,15,5,5,5,0,7,5,5,0,5,5,15,15,11,10,8
0.331018519,11,5,5,15,5,15,15,13,7,5,5,0,5,5,5,0,5,5,12,15,8,10,10
0.337962963,11,7,5,15,5,15,15,13,5,5,5,0,5,5,5,0,5,5,15,15,11,10,8
0.347222222,10,5,5,15,5,15,15,15,4,5,5,0,5,5,7,1,4,5,13,15,11,10,10
0.462962963,10,5,5,15,5,15,15,13,5,4,5,0,5,5,5,0,5,5,13,15,10,10,10
0.511574074,10,7,5,15,5,15,15,15,5,7,5,0,5,5,5,0,5,7,15,15,10,10,10
0.539351852,11,5,5,15,5,15,15,13,7,5,5,0,5,5,5,0,5,5,15,13,11,10,10
0.548611111,8,5,6,15,5,15,15,13,5,5,5,0,5,5,5,0,5,5,15,14,10,10,10
0.622685185,11,5,5,15,5,15,13,15,5,5,5,0,5,5,5,0,5,5,15,13,9,10,10
0.625,9,5,5,15,5,13,15,15,5,5,5,0,5,5,5,0,5,7,15,15,10,10,10
0.712962963,11,5,5,15,5,13,15,13,5,5,5,0,5,5,5,0,5,5,15,15,9,8,10
0.49537037,9,4,5,13,5,15,15,15,5,5,5,0,7,5,5,0,5,5,15,15,11,10,10
0.043981481,10,5,5,13,5,15,14,13,5,5,5,0,5,5,5,0,5,5,15,14,11,10,10
0.543981481,8,5,7,15,5,13,15,15,5,5,5,0,5,5,5,0,5,5,15,15,9,8,10
0.037037037,10,15,5,0,5,5,15,7,4,0,0,15,10,0,5,15,3,10,10,10,12,8,10
0.872685185,10,13,7,0,5,5,15,5,5,0,2,15,10,0,5,15,0,10,10,10,12,8,10
0.050925926,10,15,5,0,4,5,15,5,5,0,0,15,10,2,5,15,3,10,10,10,12,10,10
0.0001,10,15,5,0,5,7,15,5,5,0,0,14,10,0,5,15,0,10,8,10,12,8,10
0.081018519,10,15,5,0,5,5,15,5,5,0,1,15,11,1,5,15,0,10,10,10,13,8,10
0.284722222,11,15,5,0,5,5,15,5,5,0,0,12,8,0,5,15,0,10,10,10,12,8,10
0.136574074,10,15,5,0,4,5,15,5,5,0,0,15,10,0,7,15,0,10,10,8,13,8,10
0.0625,10,15,5,0,5,5,15,5,5,0,2,14,10,3,5,15,0,10,10,10,13,8,10
0.537037037,8,0,0,5,0,7,0,0,0,10,5,0,15,0,10,0,5,15,10,5,8,8,8
0.935185185,10,0,0,5,0,5,0,0,3,10,5,0,15,0,10,0,7,15,10,5,9,10,10
0.224537037,10,0,10,15,5,5,9,0,10,4,0,10,0,0,10,0,0,8,0,0,8,8,10
0.025462963,10,0,10,14,5,5,9,0,10,5,0,10,0,2,10,0,0,10,0,0,10,8,10
0.243055556,11,1,8,15,5,5,8,0,10,5,0,10,0,0,10,0,0,10,0,0,10,8,10
0.298611111,8,0,10,15,5,7,10,0,10,5,0,10,0,0,10,0,0,10,1,0,9,8,10
0.219907407,10,0,10,15,4,6,10,0,10,5,0,10,2,0,10,0,0,10,0,0,10,10,8
0.456018519,10,0,10,15,5,5,8,0,10,5,0,10,3,0,10,0,2,10,0,0,10,10,10
0.497685185,8,1,10,15,5,7,10,0,10,5,0,10,0,0,10,0,0,10,0,0,11,10,10
0.636574074,8,0,10,15,5,5,10,0,10,6,0,10,0,2,10,0,0,10,0,0,8,10,10
0.023148148,10,0,10,15,5,5,9,0,10,6,0,10,0,0,10,0,0,8,0,0,9,8,10
0.023148148,10,0,10,15,5,5,9,0,10,6,0,10,0,0,10,0,0,8,0,0,9,8,10
0.703703704,10,0,10,13,5,6,10,0,10,5,0,10,0,0,10,0,0,10,2,0,10,10,10
0.011574074,10,0,10,15,7,7,10,0,10,7,0,10,0,0,10,0,0,10,0,0,10,8,10
0.013888889,10,0,10,15,5,5,9,0,10,5,0,10,0,2,10,0,0,10,1,0,10,8,10
0.275462963,8,0,10,15,5,5,9,2,10,5,0,10,0,2,10,0,0,10,0,0,10,10,10
0.006944444,10,0,10,15,4,6,10,0,10,6,0,10,0,0,10,0,0,10,0,0,8,10,10
0.0001,10,0,10,15,5,5,10,0,10,4,0,8,0,3,10,0,0,10,0,0,10,8,10
0.273148148,8,0,10,15,5,4,10,0,10,5,0,10,0,0,8,0,0,10,0,2,8,10,10
0.694444444,10,0,8,15,5,5,8,0,10,5,0,10,2,0,10,0,0,10,0,0,10,10,8
0.0001,10,0,11,15,5,5,11,0,9,5,0,10,0,0,10,0,0,10,0,0,11,10,10
0.759259259,10,0,10,15,5,5,10,2,10,4,0,10,2,0,10,0,0,10,0,0,8,10,10
0.196759259,8,0,10,15,5,4,10,0,10,6,0,10,0,0,10,0,0,10,0,0,10,10,10
0.157407407,10,0,10,15,5,7,10,2,10,5,0,10,2,0,10,0,0,10,0,0,10,8,10
0.0001,10,0,10,15,4,4,10,0,10,4,0,10,0,0,10,0,0,10,0,0,10,10,10
0.127314815,10,0,10,15,5,7,8,0,10,5,0,10,2,0,10,0,0,11,0,0,8,10,10
0.881944444,10,0,10,14,5,5,10,0,10,5,0,10,0,0,10,0,0,8,2,0,9,10,10
0.798611111,8,0,10,15,5,7,10,0,10,5,0,9,0,0,10,0,0,10,0,0,11,10,10
0.909722222,10,0,10,15,5,5,11,0,10,5,0,10,2,0,10,0,0,10,0,0,10,8,10
0.974537037,10,0,10,15,5,7,8,0,10,5,0,10,0,0,10,0,0,10,0,0,10,8,10
0.986111111,10,0,10,15,7,4,10,0,10,5,0,10,0,0,10,0,0,10,0,0,8,10,10
0.00462963,8,0,10,15,5,5,10,0,10,4,0,10,0,0,10,1,0,10,0,0,8,8,10
0.574074074,8,0,10,13,5,5,10,0,10,5,0,8,0,2,10,0,0,10,0,0,8,10,10
0.0001,10,0,10,15,5,5,9,0,10,5,0,8,0,0,10,0,0,10,0,0,8,8,10
0.0001,10,0,10,15,5,5,8,0,10,5,0,10,0,2,10,0,0,10,2,0,11,8,10
0.0001,10,0,10,12,6,5,8,0,10,5,0,10,0,0,10,0,0,10,0,0,8,8,10
0.027777778,10,0,10,15,7,5,9,0,10,4,0,10,0,0,10,0,0,10,0,0,10,8,10
0.009259259,10,0,10,15,4,5,11,0,10,4,0,10,0,0,10,0,0,10,0,0,8,8,10
0.030092593,10,0,10,15,5,4,10,0,8,5,0,10,0,0,10,0,0,9,0,0,9,8,10
0.032407407,10,0,10,15,5,4,10,0,10,5,0,10,0,0,9,3,0,10,0,0,10,10,10
0.039351852,10,0,9,15,5,5,11,0,10,5,0,8,0,0,10,0,0,10,0,0,11,10,10
0.053240741,10,0,10,15,5,7,10,0,8,5,2,10,0,0,10,0,0,10,0,0,8,8,10
0.060185185,10,0,10,15,5,4,10,0,9,5,0,10,2,0,10,0,0,10,0,0,10,8,10
0.074074074,10,0,10,15,5,5,8,0,10,4,0,10,0,0,11,0,0,10,0,0,11,8,10
0.217592593,10,0,8,15,5,5,8,0,10,5,0,10,0,0,10,0,0,10,0,2,8,8,10
0.002314815,10,0,10,15,5,5,9,0,10,6,0,10,0,0,10,0,0,10,0,2,8,10,10
0.127314815,10,0,10,13,4,5,10,0,10,5,0,8,2,0,10,0,0,10,0,0,10,10,10
0.664351852,5,5,5,15,10,15,10,15,5,15,5,15,10,10,2,15,10,10,0,12,10,8,10
0.664351852,5,5,5,15,10,15,10,15,5,15,5,15,10,10,2,15,10,10,0,12,10,8,10
0.747685185,11,10,0,0,15,5,5,5,12,15,5,15,9,5,0,10,5,0,5,5,12,10,10
0.99537037,10,10,0,0,13,5,5,5,14,15,5,15,10,5,0,10,5,0,5,5,12,10,10
0.907407407,10,10,0,2,15,5,5,5,15,13,5,15,8,5,0,10,5,0,5,5,12,10,10
0.907407407,10,10,0,2,15,5,5,5,15,13,5,15,8,5,0,10,5,0,5,5,12,10,10
0.833333333,8,10,0,2,14,5,5,5,13,15,5,15,10,5,0,10,5,0,5,5,12,10,10
0.81712963,8,9,1,0,15,5,5,5,15,13,5,15,10,5,0,10,5,0,5,5,12,10,10
0.784722222,10,10,0,3,15,6,5,5,12,15,5,13,10,5,0,10,5,0,5,5,15,10,10
0.259259259,10,10,0,2,15,5,5,5,15,13,5,15,10,5,0,10,5,0,5,5,15,10,8
0.740740741,9,10,13,10,0,10,15,10,0,10,15,10,15,10,15,10,5,10,13,10,14,10,10
0.863425926,11,10,15,10,2,10,15,10,0,10,15,10,15,10,15,10,5,10,15,10,12,10,8
0.451388889,10,10,15,10,0,10,15,10,3,10,15,10,15,10,15,10,5,8,15,10,15,10,10
0.898148148,8,10,13,10,0,10,15,10,2,10,15,10,15,10,15,10,5,10,15,10,14,10,10
0.502314815,8,10,15,10,0,10,15,8,3,10,15,10,15,10,15,10,7,10,15,10,14,10,10
0.900462963,8,9,15,10,3,10,15,10,0,10,15,10,15,10,15,10,5,10,15,10,12,10,10
0.93287037,11,10,15,10,0,10,15,8,0,10,15,10,15,10,15,10,7,10,15,10,15,10,10
0.976851852,8,10,12,10,0,10,15,10,0,10,15,10,15,10,15,10,5,8,15,10,12,10,10
0.951388889,10,10,15,10,0,10,15,10,0,10,15,10,13,10,15,10,5,10,14,10,15,10,10
0.962962963,10,9,15,10,0,10,15,10,0,10,15,10,15,8,15,10,5,10,15,10,15,10,10
0.967592593,11,10,15,10,2,10,15,10,0,10,15,10,15,10,15,10,5,10,15,10,12,10,10
0.983796296,8,10,15,10,0,10,15,10,0,10,15,10,15,10,15,10,7,10,15,10,14,10,10
0.451388889,10,10,15,10,0,10,15,8,0,10,15,10,15,10,12,10,5,10,15,8,12,10,10
0.939814815,8,10,15,10,0,8,15,10,0,10,15,10,15,10,15,10,7,10,15,10,15,10,10
0.738425926,10,10,15,10,0,10,15,10,0,10,15,10,15,10,15,10,7,10,15,10,12,10,10
0.597222222,10,11,12,10,0,10,15,10,0,10,15,10,15,10,15,10,7,10,15,10,15,10,10
0.87962963,8,10,15,10,3,10,15,10,0,10,15,10,15,10,15,10,5,10,15,10,15,10,10
0.946759259,10,11,15,10,0,10,15,10,0,8,15,10,15,10,15,10,5,10,15,10,12,10,10
0.444444444,8,10,15,10,0,10,15,10,0,10,15,10,12,10,15,10,4,10,15,10,14,10,10
0.659722222,10,10,15,10,3,10,15,10,0,10,15,10,15,10,15,10,7,10,15,10,15,10,10
0.645833333,11,10,15,10,0,10,15,10,0,10,15,10,15,10,15,10,7,8,15,10,14,10,10
0.631944444,8,10,15,10,0,10,15,10,0,10,15,10,12,10,15,10,4,10,15,10,12,10,10
0.631944444,8,10,15,10,0,10,15,10,0,10,15,10,12,10,15,10,4,10,15,10,12,10,10
0.631944444,8,10,15,10,0,10,15,10,0,10,15,10,12,10,15,10,4,10,15,10,12,10,10
0.599537037,11,10,15,10,2,10,15,10,0,10,13,8,15,10,15,10,5,10,15,10,12,10,10
0.564814815,10,10,15,10,2,8,15,10,0,10,15,10,15,10,15,10,7,10,15,10,14,10,10
0.532407407,11,10,15,10,0,10,15,10,0,10,15,10,15,10,15,10,5,10,15,10,15,10,8
0.516203704,9,8,15,10,0,10,15,10,0,10,15,10,15,10,15,10,6,10,15,10,14,10,10
0.479166667,10,8,15,10,0,10,15,10,0,10,15,10,12,10,15,10,4,10,15,10,14,10,10
0.699074074,8,10,13,10,0,10,15,10,0,10,15,10,15,10,15,10,7,10,15,10,14,10,10
0.467592593,10,10,12,10,0,10,15,10,0,10,15,10,15,10,15,10,7,10,15,10,12,10,8
0.673611111,10,10,15,10,0,10,15,9,0,10,15,10,15,10,15,10,4,10,15,10,12,10,10
0.736111111,9,11,14,10,0,10,15,10,0,10,15,10,15,10,15,10,7,10,15,10,15,10,10
0.282407407,8,8,15,10,0,10,15,10,0,10,15,10,15,10,15,10,7,10,15,10,15,10,8
0.229166667,8,10,15,10,0,10,12,8,0,10,15,10,15,10,15,10,5,8,15,10,13,10,10
0.148148148,10,10,12,10,0,10,15,10,0,10,15,10,15,10,15,10,5,8,15,10,15,10,9
0.173611111,8,10,15,10,0,10,15,10,0,10,15,10,15,10,12,10,7,10,13,10,14,10,10
0.409722222,10,10,15,10,0,8,15,10,0,10,15,10,15,10,15,10,5,11,13,11,14,10,10
0.402777778,8,10,14,10,0,10,15,10,0,9,15,10,15,10,15,10,5,10,15,10,15,10,10
0.097222222,11,10,15,10,0,10,12,10,0,10,12,10,15,10,15,10,5,10,15,10,15,10,10
0.381944444,8,10,15,10,0,10,15,10,0,10,15,10,15,10,15,10,7,10,15,10,12,10,8
0.363425926,10,10,15,10,0,10,13,8,0,10,15,10,15,10,15,10,7,10,15,10,15,10,10
0.349537037,9,10,15,10,0,10,15,10,0,10,15,10,15,10,15,8,5,9,15,10,14,10,10
0.335648148,10,10,15,10,2,8,15,10,0,9,15,10,15,10,15,10,7,10,15,10,14,10,10
0.324074074,8,10,15,10,0,10,15,8,0,10,15,10,12,10,15,10,4,10,15,10,12,10,10
0.324074074,10,10,15,10,3,8,15,10,0,10,15,10,15,10,15,10,7,10,15,10,12,10,10
0.324074074,11,10,15,10,0,10,15,10,0,10,15,8,15,10,15,8,5,8,15,10,15,10,10
0.430555556,10,8,15,10,0,10,15,10,3,10,15,10,15,10,15,10,7,10,15,10,12,10,10
0.173611111,8,10,15,10,0,10,15,10,0,10,15,10,15,10,15,10,7,10,15,10,15,10,8
0.310185185,11,10,15,10,0,10,15,10,2,10,15,10,15,10,15,10,7,10,15,10,14,10,10
0.25,10,10,15,10,0,10,12,10,0,10,15,10,15,10,15,10,5,10,15,8,14,10,8
0.324074074,11,10,15,10,2,10,15,10,0,10,15,10,15,10,15,10,7,10,15,10,15,10,10
0.50462963,11,10,15,10,0,10,15,10,0,10,15,10,15,10,15,10,7,10,15,10,15,10,8
0.50462963,11,10,15,10,0,10,15,10,0,10,15,10,15,10,15,10,7,10,15,10,15,10,8
0.50462963,11,10,15,10,0,10,15,10,0,10,15,10,15,10,15,10,7,10,15,10,15,10,8
0.50462963,11,10,15,10,0,10,15,10,0,10,15,10,15,10,15,10,7,10,15,10,15,10,8
0.50462963,11,10,15,10,0,10,15,10,0,10,15,10,15,10,15,10,7,10,15,10,15,10,8
0.50462963,11,10,15,10,0,10,15,10,0,10,15,10,15,10,15,10,7,10,15,10,15,10,8
0.148148148,10,10,15,10,3,10,15,10,2,10,15,10,14,10,14,10,7,10,15,10,15,10,10
0.148148148,10,10,15,10,3,10,15,10,2,10,15,10,14,10,14,10,7,10,15,10,15,10,10
0.148148148,10,10,15,10,3,10,15,10,2,10,15,10,14,10,14,10,7,10,15,10,15,10,10
0.148148148,10,10,15,10,3,10,15,10,2,10,15,10,14,10,14,10,7,10,15,10,15,10,10
0.148148148,10,10,15,10,3,10,15,10,2,10,15,10,14,10,14,10,7,10,15,10,15,10,10
0.148148148,10,10,15,10,3,10,15,10,2,10,15,10,14,10,14,10,7,10,15,10,15,10,10
0.122685185,8,10,14,10,0,10,15,10,0,10,15,10,15,10,12,10,4,10,15,10,13,10,10
0.122685185,11,10,15,10,0,10,12,10,0,10,15,10,15,10,15,10,7,10,15,10,14,8,10
0.097222222,10,10,14,10,2,10,15,10,0,10,15,10,15,10,15,10,7,10,15,10,14,10,10
0.122685185,10,10,15,10,0,10,12,10,0,10,15,10,15,10,15,10,5,8,13,10,14,10,10
0.041666667,9,10,5,5,0,10,10,5,15,13,12,10,10,10,10,0,10,10,5,5,13,10,10
0.034722222,8,10,4,5,0,10,10,5,15,13,15,10,10,10,10,0,10,10,5,5,15,10,10
0.386574074,8,10,6,7,2,10,10,5,15,15,15,10,10,10,10,0,10,10,5,5,14,10,10
0.087962963,10,10,5,7,2,10,10,6,15,15,15,10,10,10,10,0,10,10,5,5,13,8,10
0.046296296,10,10,7,5,0,10,10,5,15,13,13,10,10,10,10,0,10,10,5,5,14,8,10
0.046296296,10,11,7,6,0,10,10,7,15,15,15,10,10,10,10,0,10,10,5,5,13,10,10
0.046296296,11,10,5,5,0,10,10,5,15,13,15,10,10,10,10,0,10,10,5,5,12,8,10
0.041666667,10,10,5,5,3,10,10,5,15,15,15,10,10,10,9,0,10,10,5,5,13,8,10
0.231481481,15,9,11,1,12,10,10,0,10,10,0,0,15,10,0,10,10,0,10,15,15,10,10
0.953703704,14,10,10,0,14,10,10,0,10,10,0,0,15,10,0,10,10,0,10,15,14,10,10
0.949074074,14,10,10,0,15,10,10,0,10,10,2,0,15,10,0,10,10,0,10,15,14,10,10
0.56712963,15,9,9,0,15,10,10,0,10,10,0,0,15,10,0,10,10,0,10,12,14,10,10
0.689814815,12,9,10,0,15,10,10,0,10,10,0,0,15,10,0,10,10,0,9,15,15,10,10
0.62037037,14,9,10,0,15,10,10,0,10,10,0,0,15,10,0,8,10,0,10,15,15,10,10
0.773148148,14,8,10,2,12,11,10,2,10,10,0,0,15,10,0,10,10,0,10,15,12,10,10
0.782407407,13,10,10,0,13,10,10,0,10,10,0,0,15,10,2,10,10,0,10,15,14,10,10
0.895833333,12,10,10,0,14,10,10,0,10,10,0,0,15,10,2,10,10,0,10,15,15,10,10
0.944444444,15,10,10,0,15,10,10,0,10,10,2,0,15,10,0,10,10,0,10,15,14,10,10
0.231481481,15,8,10,0,15,10,8,0,10,10,0,0,15,10,0,10,10,0,10,12,12,10,10
0.69212963,15,10,10,0,15,10,10,0,8,10,0,0,15,10,0,10,10,2,10,15,14,10,10
0.993055556,10,10,10,0,0,0,10,3,5,5,5,0,10,5,0,15,5,5,11,15,11,10,10
0.958333333,10,10,10,0,0,0,8,2,5,5,5,0,10,5,0,15,5,5,9,15,11,10,10
0.902777778,10,10,10,0,0,2,10,0,5,5,5,0,10,5,0,15,5,5,11,14,10,10,10
0.768518519,10,10,10,0,0,0,11,0,5,5,5,0,10,5,0,15,5,5,8,12,11,10,10
0.627314815,9,8,8,2,0,0,10,0,5,5,5,0,10,5,3,15,5,5,10,15,8,10,10
0.509259259,10,10,8,0,0,0,10,0,5,5,4,0,10,5,0,15,5,4,10,15,10,10,10
0.423611111,8,11,10,0,0,0,10,0,5,5,5,0,10,5,0,15,5,5,8,15,11,10,8
0.375,10,10,10,0,0,2,10,0,5,5,5,0,10,5,0,15,7,5,9,15,10,10,10
0.530092593,10,8,10,0,0,0,8,2,5,5,5,0,10,5,0,15,5,5,11,15,8,10,10
0.0001,10,6,10,5,5,0,7,6,10,10,15,15,10,0,15,10,15,10,0,15,10,8,10
0.981481481,11,5,5,15,5,5,5,5,0,1,0,10,5,5,15,10,10,5,5,0,10,10,10
0.0001,10,5,7,14,5,5,5,6,0,2,0,10,5,5,15,10,10,5,5,0,11,10,10
0.990740741,8,5,5,15,5,5,5,5,0,3,0,10,5,5,15,10,10,5,5,0,10,10,10
0.393518519,11,7,5,15,5,5,5,5,0,0,0,10,5,5,15,10,10,5,5,0,9,8,10
0.231481481,10,4,5,13,5,5,7,5,0,0,0,10,5,5,15,10,10,5,5,0,10,8,10
0.189814815,10,6,5,13,6,5,5,5,0,2,0,10,5,5,15,10,10,5,5,0,10,8,10
0.138888889,8,5,5,12,4,5,5,5,0,2,0,10,5,5,15,10,10,5,5,0,10,10,10
0.0001,10,5,5,15,6,5,5,6,0,0,2,10,5,5,15,10,10,5,5,0,10,10,10
0.344907407,11,7,5,15,5,7,5,5,0,0,0,10,5,5,15,10,10,5,5,0,10,8,10
0.87037037,11,1,5,15,15,10,15,15,15,15,5,0,15,15,10,15,15,5,15,5,3,10,10
0.606481481,9,0,7,15,15,10,15,15,15,15,5,0,15,15,10,15,15,5,15,5,3,10,10
0.3125,10,8,6,5,5,0,10,0,4,15,10,0,10,5,0,5,10,15,10,0,14,10,10
0.594907407,8,10,4,5,5,0,10,0,5,15,10,0,10,5,0,4,10,12,10,0,14,10,10
0.930555556,8,10,5,7,5,0,10,0,5,15,10,0,10,5,0,4,10,15,10,0,14,10,10
0.972222222,10,8,5,4,5,0,10,0,5,13,10,2,10,5,0,5,10,15,10,0,14,10,10
0.979166667,9,8,5,5,5,0,10,0,5,15,10,0,10,5,0,5,10,15,10,1,15,10,10
0.090277778,11,3,5,5,5,5,5,13,5,4,0,5,5,5,5,8,5,5,15,5,6,10,10
0.090277778,11,3,5,5,5,5,5,13,5,4,0,5,5,5,5,8,5,5,15,5,6,10,10
0.090277778,11,1,5,7,5,5,7,15,5,5,0,5,7,5,5,10,5,5,15,5,7,10,10
0.090277778,10,3,5,5,5,5,7,13,5,5,3,5,5,5,5,10,5,5,15,5,7,10,10
0.090277778,10,0,5,5,5,5,5,15,7,5,0,5,5,5,5,8,5,5,15,4,7,10,10
0.233796296,9,1,6,5,5,5,5,15,6,5,0,5,5,5,4,10,5,5,15,5,5,10,10
0.090277778,9,3,5,5,5,5,5,15,4,5,0,5,5,5,5,10,5,4,12,5,4,10,10
0.090277778,9,1,4,5,5,5,5,15,5,5,0,5,5,5,5,10,7,5,13,5,4,10,10
0.113425926,11,3,7,5,5,5,5,13,5,5,0,5,5,5,5,8,4,5,15,5,4,10,10
0.113425926,11,2,5,5,5,5,5,15,5,5,0,5,5,5,5,8,5,5,15,5,7,10,8
0.113425926,10,2,5,7,5,4,5,13,5,5,0,5,5,5,5,8,5,5,15,5,7,10,10
0.113425926,10,2,5,5,5,7,5,15,5,5,0,5,7,5,5,8,5,5,15,5,4,10,10
0.113425926,10,0,5,5,5,5,5,13,5,5,0,5,5,5,5,8,5,5,13,5,4,10,10
0.090277778,9,1,7,6,5,5,5,13,5,5,0,5,5,5,5,10,5,5,13,5,4,10,10
0.233796296,9,1,5,5,5,4,5,13,5,5,0,5,5,5,5,10,5,5,15,5,5,8,10
0.069444444,8,2,5,5,5,5,5,13,5,5,3,5,5,5,5,10,5,5,13,5,4,10,10
0.069444444,9,0,6,5,5,5,5,15,5,5,0,5,7,5,5,8,5,5,13,5,5,10,10
0.069444444,9,1,5,5,5,5,5,15,5,5,0,5,5,5,5,8,5,7,15,5,4,10,10
0.178240741,10,2,5,7,5,5,5,15,5,5,2,5,5,5,5,10,5,5,13,5,6,10,10
0.178240741,10,0,5,5,5,5,4,13,5,5,0,5,5,5,5,10,5,5,14,5,4,10,10
0.178240741,8,2,7,4,6,5,5,13,5,5,0,5,5,5,5,10,5,5,15,5,6,10,10
0.194444444,10,0,5,5,5,5,5,13,5,5,1,5,5,5,6,9,5,5,13,5,6,10,10
0.194444444,9,3,5,5,5,5,5,15,5,5,0,5,5,5,5,8,5,5,15,5,5,8,10
0.212962963,9,2,7,5,5,5,5,13,5,5,1,5,5,5,5,10,5,5,15,5,4,10,10
0.212962963,9,1,6,5,5,5,5,13,5,5,0,7,5,5,5,10,5,5,13,5,4,10,10
0.212962963,9,1,5,5,5,7,5,13,5,5,0,5,5,5,5,10,5,5,14,5,4,10,10
0.212962963,9,0,5,5,5,5,6,13,5,5,0,5,5,5,5,10,5,5,13,5,7,10,10
0.212962963,8,2,7,5,5,5,4,15,5,5,0,5,5,5,5,10,5,5,15,4,4,10,10
0.212962963,8,1,5,5,5,4,5,13,5,5,0,5,5,5,5,10,7,5,15,5,5,10,10
0.233796296,10,2,5,5,5,5,4,13,5,5,0,5,5,5,5,10,5,5,15,7,5,11,10
0.159722222,11,3,5,5,5,5,7,15,5,5,0,5,5,5,4,10,5,5,15,5,7,10,10
0.141203704,8,0,5,5,5,7,5,15,5,5,0,5,5,5,4,10,7,5,15,5,4,10,10
0.113425926,9,1,5,5,5,5,5,13,7,5,0,5,5,5,5,10,5,5,13,5,7,10,10
0.178240741,11,0,6,5,5,5,5,15,5,5,0,5,5,5,5,8,5,5,12,5,4,10,10
0.252314815,10,1,5,7,5,5,5,13,5,5,0,5,5,5,4,10,5,5,15,5,6,10,10
0.321759259,9,3,4,5,5,5,5,15,5,5,0,5,5,5,5,10,4,5,15,5,6,10,8
0.321759259,9,1,5,5,5,5,7,13,5,5,0,5,5,5,5,10,5,5,15,5,7,8,10
0.252314815,8,0,5,4,5,5,5,13,5,5,0,5,5,5,5,8,5,5,13,5,6,10,10
0.263888889,11,1,5,5,5,5,5,15,5,5,0,5,5,5,5,9,6,5,13,5,5,9,10
0.263888889,11,0,5,7,5,5,5,13,5,5,0,5,5,5,4,10,5,5,15,5,4,10,10
0.263888889,9,0,5,5,5,5,5,13,5,5,1,5,5,5,5,10,5,5,13,5,5,10,10
0.263888889,8,1,7,5,5,5,5,15,5,5,0,5,5,5,5,8,5,5,15,5,7,10,8
0.280092593,11,1,7,5,5,5,5,15,5,5,0,5,5,5,5,10,5,5,13,7,5,10,10
0.280092593,9,0,5,5,7,5,5,12,5,4,0,5,7,5,5,10,5,5,15,5,7,10,10
0.252314815,8,2,5,5,6,5,5,13,5,5,0,5,5,5,5,10,5,5,13,5,5,10,10
0.293981481,10,1,5,4,5,5,5,13,5,5,0,5,5,5,5,8,5,5,13,5,4,10,10
0.293981481,10,0,5,4,5,4,5,13,5,5,1,5,5,5,5,10,5,5,15,5,5,10,10
0.300925926,9,2,5,5,5,4,5,13,5,5,0,5,5,5,5,8,5,5,15,5,4,10,10
0.293981481,9,1,5,5,4,5,5,13,5,5,0,5,5,5,5,10,5,5,13,5,5,10,10
0.293981481,9,1,4,5,5,4,7,13,5,5,0,5,5,5,5,10,5,5,15,5,7,10,10
0.293981481,8,0,5,5,7,5,5,12,5,5,3,5,5,5,5,10,5,5,15,5,4,10,10
0.280092593,8,2,6,5,5,5,7,13,5,5,0,5,5,5,5,10,5,4,15,5,4,10,10
0.30787037,10,2,5,5,5,4,5,15,5,5,0,5,7,5,5,10,7,5,15,5,5,10,10
0.414351852,11,2,5,4,5,5,5,13,5,5,0,5,5,5,5,10,5,5,13,5,7,10,10
0.300925926,9,0,5,5,5,5,5,13,6,5,0,5,5,5,5,10,5,5,13,5,4,10,10
0.30787037,9,0,5,4,5,5,5,12,5,5,0,5,5,5,5,10,5,5,15,5,4,10,8
0.321759259,8,2,4,5,5,5,5,13,5,5,0,5,5,5,5,8,5,5,13,5,4,10,10
0.321759259,8,2,4,5,5,5,5,13,5,5,0,5,5,5,5,8,5,5,13,5,4,10,10
0.328703704,11,2,6,5,5,5,5,15,5,5,2,5,5,5,5,8,5,5,15,5,7,10,10
0.328703704,9,0,5,5,5,5,5,15,5,5,1,5,7,5,5,10,5,5,15,5,4,10,10
0.354166667,10,3,5,5,5,5,7,13,5,5,0,5,5,5,5,10,5,5,15,5,5,8,10
0.354166667,8,0,5,5,7,5,5,13,5,5,0,5,5,5,5,8,5,5,13,5,4,10,10
0.365740741,9,1,6,5,5,5,5,13,5,5,0,5,5,5,5,8,4,5,15,5,5,10,10
0.372685185,10,0,5,5,5,5,7,12,5,5,0,5,5,5,5,8,7,5,15,5,4,10,10
0.372685185,8,1,4,5,5,5,5,13,5,5,0,5,5,5,5,8,5,5,13,5,4,10,10
0.384259259,11,1,5,5,5,4,5,13,5,5,2,5,5,5,5,10,5,5,15,5,7,10,10
0.384259259,11,1,5,5,4,5,5,13,5,5,0,5,5,5,5,10,5,5,12,5,6,10,10
0.395833333,8,2,5,5,5,5,5,12,5,5,3,5,5,5,5,10,5,5,15,5,6,10,10
0.252314815,11,1,5,5,5,5,5,12,5,5,0,5,5,5,5,8,5,5,13,5,5,10,10
0.395833333,8,0,5,5,5,5,4,13,5,5,0,5,5,5,5,8,7,5,15,5,4,10,10
0.30787037,8,1,6,5,5,5,5,13,5,5,0,5,5,5,5,8,5,6,15,5,7,10,10
0.395833333,8,2,5,5,4,4,5,13,5,5,0,5,5,5,5,10,5,5,15,5,7,10,10
0.159722222,10,1,5,4,5,5,5,12,5,5,0,5,5,5,5,8,5,5,15,5,4,10,10
0.803240741,10,0,5,4,5,5,7,15,5,5,0,5,5,5,5,10,7,5,15,5,7,10,10
0.414351852,8,3,5,5,5,7,5,15,5,5,0,5,5,5,5,8,5,5,13,5,4,10,10
0.560185185,9,3,5,5,5,5,5,13,5,5,3,5,5,5,5,10,5,5,15,5,6,10,10
0.418981481,11,0,7,5,5,7,5,13,5,5,0,5,5,5,5,10,5,5,13,5,6,10,10
0.428240741,9,1,6,5,5,5,5,15,5,5,0,5,5,5,5,10,5,5,12,5,7,10,10
0.428240741,8,0,6,5,5,5,5,13,5,5,0,5,5,5,5,10,5,5,13,5,6,10,10
0.43287037,11,3,5,7,5,5,5,15,5,5,3,5,5,5,5,10,5,5,15,5,6,10,10
0.43287037,9,3,4,5,5,5,5,13,4,5,3,5,5,5,5,10,5,5,15,5,5,10,10
0.439814815,10,1,5,6,5,5,5,13,5,5,0,5,7,5,5,10,5,5,15,5,5,10,10
0.446759259,8,0,5,4,5,5,5,15,5,5,0,5,5,5,5,8,5,5,12,5,4,10,10
0.453703704,10,3,5,5,5,7,5,13,5,5,0,5,5,5,5,10,5,5,15,7,6,10,10
0.460648148,10,3,5,5,5,5,5,15,5,5,3,5,5,5,5,8,5,5,15,5,5,10,10
0.460648148,8,3,6,5,5,5,5,12,5,5,1,5,5,5,5,10,5,5,13,5,5,10,10
0.476851852,9,3,5,4,5,5,5,13,5,5,0,5,5,5,5,8,5,5,15,5,7,10,10
0.520833333,10,1,5,5,5,5,5,12,5,5,0,5,5,5,5,8,5,5,13,5,5,10,10
0.541666667,10,0,5,5,5,5,4,13,5,7,0,5,5,5,5,8,5,5,15,5,4,10,10
0.553240741,10,3,5,5,7,5,5,12,5,5,0,5,5,5,5,10,5,5,15,5,7,10,10
0.560185185,10,3,5,4,5,7,5,13,5,5,0,5,5,5,5,10,5,5,15,5,7,10,10
0.680555556,9,1,4,5,5,5,5,13,5,5,0,5,5,5,5,10,5,5,13,5,7,10,10
0.576388889,9,1,6,5,5,5,5,13,5,5,0,5,5,5,5,10,5,5,14,5,5,10,10
0.678240741,10,0,5,5,5,7,6,15,5,5,0,5,5,5,5,8,5,5,15,5,4,10,10
0.638888889,9,1,5,5,5,5,5,13,5,5,0,5,5,5,5,10,5,5,13,5,5,10,10
0.506944444,10,2,6,5,5,5,7,13,5,5,0,5,5,7,5,10,5,5,13,5,7,10,10
0.581018519,9,0,5,5,5,4,5,15,4,5,3,5,5,5,5,10,5,5,15,5,4,10,10
0.592592593,10,1,5,5,5,5,5,13,5,4,0,5,5,5,5,10,5,5,13,5,5,10,10
0.592592593,8,1,5,5,5,5,5,13,5,5,1,5,5,5,5,10,5,5,13,5,5,10,10
0.604166667,8,2,6,5,5,5,5,13,4,5,0,5,5,5,5,10,5,5,15,5,4,10,10
0.615740741,9,3,5,5,5,7,5,13,5,5,0,5,5,5,5,8,5,5,15,5,7,10,10
0.618055556,9,1,4,5,5,5,5,13,5,5,0,5,5,5,5,10,5,5,13,5,4,10,10
0.641203704,9,0,4,5,5,5,5,13,5,5,0,5,5,5,5,10,5,7,15,5,4,10,10
0.650462963,8,3,5,5,5,5,5,15,5,5,0,5,5,5,5,8,5,5,13,5,7,10,10
0.652777778,9,1,5,5,5,5,5,13,5,5,2,5,5,5,5,10,5,5,13,5,5,9,10
0.657407407,9,0,7,7,5,5,5,13,5,5,0,5,5,5,5,8,5,5,15,5,4,10,10
0.662037037,8,2,5,5,5,5,5,13,5,5,0,5,5,5,5,10,4,5,15,5,4,10,10
0.668981481,9,0,5,7,5,5,5,13,5,5,0,5,5,5,5,10,5,5,13,5,4,10,10
0.678240741,11,1,5,4,5,5,5,13,5,5,0,5,5,5,5,10,5,5,13,5,6,10,10
0.578703704,8,0,6,4,5,5,5,13,5,5,0,5,5,5,5,10,5,5,13,5,4,10,10
0.560185185,8,0,5,5,4,5,5,13,5,5,0,5,5,5,5,8,5,5,13,5,4,10,10
0.581018519,9,0,6,7,5,5,5,13,5,5,0,5,5,5,5,8,5,5,15,5,7,10,10
0.722222222,10,0,6,5,7,5,5,13,5,5,0,5,5,5,5,10,5,5,13,5,6,10,10
0.74537037,9,0,7,4,5,5,5,13,5,5,0,5,5,5,5,10,5,5,13,5,6,10,10
0.75,11,0,5,5,5,5,5,13,5,5,0,5,5,5,5,10,5,5,12,5,4,10,10
0.756944444,8,2,6,5,5,5,5,13,5,5,2,5,5,5,5,10,5,5,15,5,4,10,10
0.761574074,9,3,7,5,5,5,5,13,4,5,0,5,5,5,5,10,5,5,13,5,4,10,10
0.766203704,11,2,5,5,5,5,5,13,5,5,0,5,5,5,5,10,5,5,13,5,5,10,10
0.685185185,9,1,5,5,5,5,5,13,5,5,1,5,5,5,5,10,5,5,13,5,6,10,10
0.685185185,9,1,5,5,5,5,5,13,5,5,1,5,5,5,5,10,5,5,13,5,6,10,10
0.414351852,8,1,7,5,5,5,5,15,5,5,0,5,5,5,5,10,6,5,15,5,6,10,10
0.777777778,9,1,5,5,5,5,5,13,5,5,1,5,5,5,5,10,5,5,15,5,4,10,10
0.791666667,9,3,6,5,5,5,5,13,5,5,0,5,5,5,5,10,5,5,12,5,7,10,10
0.793981481,9,0,7,5,5,5,5,13,5,5,0,5,5,5,5,8,5,5,13,5,6,10,10
0.800925926,10,1,5,5,5,5,4,13,5,5,0,5,5,5,5,10,5,5,15,5,7,10,10
0.68287037,9,3,5,5,5,5,5,14,5,5,0,5,5,5,5,10,5,5,13,5,4,10,10
0.824074074,10,0,5,4,5,4,5,13,5,5,0,5,5,5,5,8,5,5,15,5,4,10,10
0.770833333,10,1,5,5,5,5,5,12,5,5,0,5,5,5,5,8,5,5,15,5,6,10,10
0.819444444,10,0,5,5,5,5,5,13,5,5,0,5,5,5,5,10,5,5,13,5,5,10,10
0.826388889,9,2,5,5,5,7,5,13,5,5,0,5,5,5,5,10,5,5,15,5,5,10,10
0.886574074,10,0,5,5,5,5,7,13,5,5,0,5,5,5,5,10,4,5,15,5,5,10,10
0.847222222,9,1,7,5,5,5,5,13,4,5,0,5,5,5,5,10,5,4,15,5,5,10,10
0.849537037,9,0,5,5,5,5,5,13,5,5,1,5,5,5,5,8,5,5,15,5,5,10,10
0.868055556,9,1,5,5,5,5,5,13,5,5,1,5,5,5,5,10,5,5,15,5,5,10,10
0.868055556,9,1,5,5,4,5,5,13,5,5,0,5,5,5,5,10,5,5,15,5,4,10,10
0.875,10,3,4,5,5,5,5,12,5,5,0,5,5,5,5,10,5,5,13,5,4,10,10
0.696759259,9,1,5,5,5,5,5,12,5,5,0,5,5,5,5,10,5,5,13,5,6,10,10
0.844907407,9,1,5,5,5,7,5,13,5,5,2,5,5,5,5,10,5,5,13,5,5,10,10
0.888888889,11,2,5,5,5,5,7,13,5,5,0,5,5,5,5,10,5,5,15,5,7,10,10
0.905092593,10,1,7,7,5,5,5,15,5,5,0,5,5,5,5,10,5,4,15,5,5,10,10
0.923611111,11,2,5,5,5,5,5,13,5,5,0,5,5,5,5,8,5,5,15,5,7,10,10
0.928240741,8,1,4,5,5,5,5,13,5,5,0,5,5,5,5,10,5,5,15,5,4,10,10
0.94212963,8,3,7,5,5,5,5,13,5,5,0,5,5,5,5,10,5,5,15,5,4,10,10
0.956018519,9,3,4,5,5,5,5,15,5,5,0,5,5,5,5,10,5,5,15,5,5,10,10
0.835648148,10,2,6,5,5,5,5,15,5,5,0,5,5,5,5,10,5,5,15,5,7,10,10
0.891203704,11,0,5,5,5,5,5,13,4,5,0,5,5,5,5,10,5,5,15,5,7,10,10
0.710648148,10,0,5,5,5,5,7,13,4,5,0,5,5,5,5,10,5,5,13,5,7,10,10
0.118055556,10,0,5,0,15,6,8,0,15,10,12,5,5,15,5,5,5,5,0,15,13,8,10
0.5,9,0,5,0,15,4,10,2,15,10,15,5,5,15,5,5,5,5,0,15,12,10,10
0.0001,10,0,5,0,15,5,10,0,15,8,14,5,5,15,5,5,5,5,0,13,15,10,10
0.018518519,10,0,5,0,13,5,10,0,15,10,15,5,4,15,5,7,5,5,0,15,13,8,10
0.106481481,10,0,4,0,15,5,8,0,14,10,15,5,5,15,5,5,5,5,0,15,12,10,10
0.671296296,10,8,5,0,5,15,10,4,10,10,5,12,10,10,0,10,10,15,10,10,10,10,10
0.893518519,10,10,5,0,5,15,10,5,11,10,5,15,10,10,2,10,10,15,10,10,11,10,10
0.842592593,10,10,5,0,5,15,10,7,10,10,5,15,10,9,0,10,10,15,10,10,8,10,10
0.851851852,10,8,5,0,5,13,8,5,10,10,5,15,10,10,0,10,8,15,10,10,11,10,10
0.854166667,10,10,5,0,5,15,10,4,10,10,6,15,10,10,0,10,10,15,10,10,10,10,10
0.856481481,8,10,6,0,5,15,10,5,10,10,5,15,10,10,2,10,10,15,10,10,11,10,10
0.9375,10,10,5,0,5,14,8,5,10,10,5,15,10,10,0,10,10,15,10,10,10,10,10
0.877314815,10,10,5,0,5,15,10,6,10,10,5,15,10,10,2,10,10,12,10,10,10,10,10
0.912037037,8,10,5,0,6,15,10,5,10,10,5,15,8,10,0,10,10,15,10,10,11,10,10
0.831018519,10,10,5,0,4,15,10,7,10,10,5,15,10,8,0,10,10,15,10,10,10,10,10
0.914351852,10,10,5,0,5,15,10,4,10,8,5,15,10,10,2,10,10,15,10,10,10,10,10
0.916666667,10,10,5,2,5,15,10,5,10,10,5,14,10,10,0,10,10,15,10,10,8,10,10
0.925925926,10,10,5,0,7,13,8,5,10,10,5,15,10,10,0,10,10,15,10,10,8,10,10
0.780092593,10,9,5,0,5,15,10,5,8,10,5,15,8,10,0,10,10,15,10,10,8,10,10
0.861111111,10,10,5,0,5,15,10,6,10,10,7,15,10,10,0,10,10,15,10,10,10,10,10
0.960648148,10,10,5,3,5,15,10,5,10,10,5,15,10,10,0,10,10,14,10,10,11,10,10
0.743055556,10,8,6,2,5,15,10,5,10,10,5,15,10,10,2,10,10,15,10,10,8,10,10
0.840277778,8,10,5,0,5,15,10,7,10,10,5,15,10,10,2,10,10,12,10,10,10,10,10
0.8125,10,10,5,0,5,12,10,5,8,10,5,15,10,10,0,10,10,15,10,9,11,10,10
0.6875,10,10,5,3,6,15,10,5,10,10,5,13,8,10,0,10,10,15,10,10,8,10,10
0.731481481,8,10,5,0,5,15,10,7,10,10,5,15,10,10,2,10,10,12,10,10,9,10,10
0.701388889,10,10,5,0,5,15,10,5,11,10,5,15,8,10,0,10,10,15,10,9,8,10,10
0.706018519,10,10,6,0,5,15,10,5,10,10,5,15,10,10,0,10,10,15,10,10,10,8,8
0.715277778,8,10,5,0,5,15,10,5,8,10,5,15,10,10,2,8,10,15,10,10,8,10,10
0.724537037,10,10,5,3,5,15,10,4,10,10,5,13,8,10,0,10,10,15,10,10,11,10,10
0.724537037,8,10,5,0,5,14,10,5,8,10,5,15,10,10,0,10,10,12,10,10,10,10,10
0.726851852,10,11,5,0,5,15,10,5,8,10,5,15,10,10,0,10,10,12,10,10,10,10,10
0.733796296,10,10,5,3,5,13,10,5,8,10,5,15,10,10,0,10,10,15,10,10,10,10,10
0.810185185,10,9,5,0,5,15,10,6,10,10,5,15,10,10,2,10,10,15,10,10,10,10,10
0.655092593,8,10,5,0,5,15,10,6,10,10,5,15,10,10,2,10,10,12,10,10,10,10,10
0.969907407,11,10,5,0,5,15,10,5,10,10,5,13,10,10,0,10,10,12,10,10,11,10,10
0.534722222,10,10,5,3,5,15,11,5,10,10,5,15,10,10,0,10,10,15,8,10,9,10,10
0.643518519,9,8,5,0,5,15,10,5,8,10,5,15,10,10,0,10,10,15,10,10,11,10,10
0.518518519,11,10,6,0,5,15,10,5,10,10,5,15,10,10,0,10,8,14,10,10,8,10,10
0.752314815,10,10,5,0,4,15,10,5,10,10,5,15,10,10,0,10,10,13,10,10,8,10,10
0.590277778,9,9,5,0,5,15,10,6,10,10,5,15,10,10,0,10,10,15,10,10,10,10,10
0.5625,10,9,5,0,5,15,10,7,10,10,5,15,10,10,0,10,10,15,10,10,10,10,8
0.569444444,10,9,5,0,5,12,10,5,10,10,5,13,10,10,0,10,10,15,10,10,9,8,10
0.571759259,10,10,4,0,5,15,10,7,10,10,5,15,10,10,0,10,10,15,10,10,9,8,10
0.585648148,10,10,7,0,5,15,9,7,10,10,5,15,10,10,0,10,10,15,10,10,11,10,10
0.585648148,10,10,5,0,5,15,10,5,8,10,5,13,11,10,2,10,10,14,11,10,10,10,10
0.416666667,8,10,5,0,5,15,10,6,10,10,4,15,10,10,0,10,10,15,10,11,8,10,10
0.601851852,10,10,5,2,5,15,10,5,10,10,5,13,10,10,0,10,10,15,10,10,10,10,9
0.608796296,10,9,5,0,5,15,10,5,10,8,5,15,10,10,0,10,10,12,10,10,10,10,10
0.611111111,10,10,5,0,5,15,11,5,10,10,7,15,10,10,2,10,10,15,10,10,10,10,10
0.62962963,10,10,5,3,5,15,10,7,10,10,5,13,10,10,0,10,10,12,10,10,9,10,10
0.634259259,8,10,5,0,5,15,10,5,8,10,4,15,10,10,0,10,10,12,10,10,9,10,10
0.648148148,10,10,5,0,5,15,10,5,9,8,5,15,10,10,2,10,10,15,10,8,10,10,10
0.518518519,10,10,7,0,5,12,10,5,10,10,5,15,10,10,2,10,10,12,10,10,9,10,10
0.555555556,10,10,5,0,5,15,10,6,10,10,5,12,10,10,0,10,8,15,10,10,10,10,10
0.4375,10,8,5,0,5,12,10,7,10,10,5,15,10,10,0,10,10,15,10,11,10,10,10
0.550925926,10,10,5,0,5,15,10,4,8,11,5,15,10,10,0,10,10,15,10,10,10,10,10
0.469907407,10,8,5,0,5,15,10,5,8,10,5,15,10,10,0,10,10,15,10,10,10,10,11
0.435185185,10,10,5,0,5,15,9,7,10,10,5,15,10,10,0,10,9,15,10,10,10,10,10
0.4375,10,11,4,0,5,15,10,5,10,10,5,15,10,10,1,10,10,15,10,10,11,10,10
0.666666667,10,10,5,0,5,12,8,7,10,10,5,15,10,10,0,10,10,15,10,8,8,10,10
0.44212963,10,10,5,2,5,15,10,5,10,10,5,15,10,10,0,10,9,13,10,10,9,10,10
0.44212963,9,8,6,0,5,15,10,5,10,10,5,12,10,10,2,10,10,15,10,10,9,10,10
0.465277778,10,8,5,0,5,12,8,5,10,10,5,12,10,10,0,10,10,15,10,10,9,10,10
0.472222222,10,10,5,0,5,15,10,4,10,8,5,13,8,10,0,10,10,15,10,10,11,10,10
0.546296296,10,11,5,0,5,15,10,5,10,10,5,15,10,9,0,10,8,15,10,10,9,10,10
0.481481481,8,10,5,0,5,15,10,7,8,10,5,12,8,10,0,10,10,15,10,10,8,10,10
0.486111111,10,10,5,0,5,12,10,5,8,10,6,15,10,10,0,10,10,15,10,10,8,10,10
0.513888889,10,10,5,0,5,13,10,5,10,10,5,13,10,10,0,10,9,15,10,11,10,10,10
0.55787037,10,10,5,0,5,14,10,4,10,10,5,15,10,10,0,8,10,15,10,10,10,10,10
0.75462963,8,10,5,0,5,15,10,7,10,9,5,15,10,10,2,10,10,15,10,10,10,10,10
0.115740741,10,10,5,0,5,15,10,5,8,8,5,15,10,10,0,8,10,15,10,8,11,10,10
0.789351852,10,10,5,3,5,15,10,7,10,10,5,15,10,10,0,10,10,12,10,10,11,10,10
0.201388889,8,10,5,0,5,13,10,5,11,10,5,15,10,10,2,10,10,13,10,10,10,10,10
0.270833333,10,8,5,0,5,15,8,6,10,10,5,12,10,10,0,10,10,15,10,10,8,10,10
0.201388889,8,10,5,0,5,12,10,5,8,10,5,15,10,9,0,10,10,15,10,10,10,10,10
0.391203704,10,10,5,0,5,15,10,5,8,10,4,13,10,10,0,10,10,15,10,11,10,10,10
0.391203704,10,10,6,2,5,15,10,5,10,10,5,13,10,10,0,10,10,15,10,10,11,10,10
0.37962963,11,8,5,0,5,15,10,5,10,10,5,13,10,10,2,8,10,15,10,10,11,10,10
0.37037037,10,10,5,0,5,15,10,6,10,10,5,15,10,10,2,10,10,15,10,9,8,10,10
0.37037037,10,10,5,0,5,15,10,7,10,10,5,12,8,10,0,10,10,15,10,10,10,8,10
0.361111111,10,10,5,0,5,15,10,5,10,10,6,12,10,10,0,10,10,15,10,10,10,9,10
0.351851852,10,10,5,2,5,12,10,5,10,10,5,15,10,10,0,10,10,12,10,10,11,10,9
0.340277778,10,10,5,1,5,15,10,5,10,10,5,15,10,10,0,10,8,15,8,11,10,10,10
0.326388889,8,10,5,0,5,12,10,5,10,10,5,15,10,10,0,10,8,12,10,10,9,8,10
0.314814815,10,10,5,0,5,15,10,5,8,10,5,12,10,10,2,10,8,15,10,10,10,10,10
0.314814815,11,10,5,0,5,15,10,5,8,10,5,15,10,9,0,10,10,15,10,10,8,10,10
0.314814815,8,10,5,0,5,15,10,5,10,9,7,15,10,10,2,10,10,15,10,10,10,10,10
0.305555556,10,10,4,0,5,14,10,5,10,10,5,13,10,10,0,10,10,15,10,11,8,10,10
0.270833333,10,10,5,0,5,15,10,4,10,8,4,12,10,10,0,10,10,15,10,10,8,10,10
0.236111111,8,8,6,0,5,15,10,6,10,10,5,15,10,10,0,10,10,15,10,10,10,10,10
0.222222222,10,10,5,0,6,15,10,5,10,10,5,15,10,10,0,10,9,15,10,9,10,10,10
0.270833333,10,10,5,0,5,15,10,6,10,10,5,15,10,10,0,10,8,13,10,10,10,10,10
0.236111111,10,10,5,0,5,15,10,5,10,10,5,13,8,10,0,10,10,14,8,10,9,10,10
0.236111111,10,8,5,0,5,15,8,4,10,10,5,15,10,10,0,10,10,15,10,10,10,10,8
0.236111111,8,10,5,0,5,12,10,4,10,10,5,15,10,10,0,10,10,15,10,10,10,10,11
0.236111111,10,10,5,0,6,15,9,5,10,10,4,15,10,10,0,10,10,15,10,10,10,10,10
0.24537037,11,10,5,3,5,15,10,5,10,10,5,12,10,10,0,10,10,12,10,10,8,10,10
0.256944444,9,9,5,0,5,15,10,7,10,10,5,15,10,10,0,10,10,15,10,11,10,10,10
0.256944444,10,10,5,0,5,15,8,5,8,10,5,15,10,10,0,10,10,15,10,10,9,8,8
0.256944444,10,10,5,0,5,12,10,6,10,10,5,15,10,8,0,10,10,15,10,8,11,10,10
0.256944444,10,8,5,0,5,15,10,7,10,10,5,15,10,10,0,8,10,15,10,10,8,8,10
0.763888889,10,10,5,0,5,15,10,5,10,10,6,15,10,10,0,10,10,13,10,10,10,10,10
0.37037037,10,9,5,0,5,13,10,5,10,10,5,12,10,10,0,10,10,13,10,10,8,10,10
0.201388889,8,10,5,3,5,15,10,7,10,10,5,15,10,10,0,10,10,15,10,11,10,8,10
0.256944444,10,10,5,0,5,15,10,6,10,11,5,15,10,8,0,10,10,15,10,10,8,10,10
0.071759259,10,8,5,0,5,15,10,5,9,11,5,15,10,10,2,10,10,15,10,10,10,10,10
0.425925926,10,10,5,1,5,15,10,6,10,10,5,15,10,10,0,10,10,15,10,11,11,10,10
0.648148148,10,8,5,0,5,13,10,7,10,8,5,15,10,10,0,10,10,15,10,10,8,10,10
0.407407407,8,8,5,0,5,15,10,7,10,10,5,13,10,10,2,10,10,15,10,10,11,10,10
0.164351852,10,10,5,0,5,13,8,6,10,9,5,15,10,10,0,10,10,15,10,11,10,10,10
0.201388889,10,10,5,0,5,15,10,4,10,10,5,13,10,10,0,10,10,12,10,10,8,8,10
0.201388889,10,10,5,0,5,15,10,6,10,8,4,15,10,10,0,10,10,15,11,10,10,10,10
0.201388889,10,10,5,0,5,15,10,6,10,10,5,12,10,10,0,10,11,15,10,10,10,10,10
0.185185185,8,10,5,0,5,15,10,5,8,10,5,14,10,10,0,10,10,15,10,8,10,8,10
0.185185185,9,8,6,2,5,15,10,5,10,9,5,15,10,10,0,10,10,15,10,10,10,10,10
0.185185185,10,10,5,0,5,13,10,4,10,10,5,13,10,10,0,10,10,15,10,9,11,10,10
0.185185185,10,10,5,0,5,13,11,7,10,10,5,15,10,8,0,10,10,15,10,10,10,10,10
0.185185185,11,10,5,0,5,13,10,5,10,10,5,15,10,10,2,10,9,15,10,10,8,10,10
0.164351852,8,10,4,0,5,15,10,5,11,10,5,15,10,10,0,10,10,15,10,10,11,10,10
0.164351852,8,10,5,0,5,12,10,5,10,8,5,15,10,8,0,10,10,15,10,8,10,10,10
0.201388889,10,10,5,1,5,15,10,5,10,10,5,13,10,10,2,10,10,15,10,10,8,10,8
0.164351852,10,9,5,0,5,15,10,6,10,10,5,15,10,10,0,10,10,14,10,10,8,10,10
0.164351852,8,10,5,0,5,13,8,7,10,10,5,15,8,10,0,10,10,15,10,11,10,10,10
0.092592593,10,10,6,1,4,15,10,5,10,10,5,15,10,10,0,8,10,15,10,10,11,10,10
0.092592593,10,10,5,0,5,12,10,6,10,10,5,15,10,10,0,10,10,15,10,10,10,10,9
0.115740741,10,10,6,1,4,13,10,5,10,10,5,15,10,10,0,10,10,12,10,10,10,10,10
0.115740741,10,10,5,0,5,15,10,5,8,10,5,15,10,10,1,10,10,15,10,9,11,10,10
0.805555556,11,10,5,0,5,15,10,7,10,10,5,15,10,10,0,10,8,15,10,10,10,10,10
0.115740741,9,8,5,0,5,15,10,5,10,10,5,13,10,10,0,10,10,15,10,8,9,9,10
0.398148148,10,10,5,0,6,14,10,5,10,10,5,15,10,10,0,10,10,12,10,10,11,10,10
0.143518519,10,10,5,0,5,15,10,4,10,10,5,15,10,9,0,10,10,13,10,10,9,10,10
0.143518519,10,9,7,2,5,15,10,5,10,10,5,15,10,10,0,10,10,15,10,10,10,10,8
0.143518519,10,9,5,0,5,15,10,6,10,9,5,15,10,10,2,10,10,15,10,10,10,10,10
0.143518519,10,9,5,0,5,15,10,4,10,10,5,13,10,10,0,10,10,15,10,10,8,10,8
0.201388889,8,10,5,0,5,15,10,6,10,10,5,13,8,10,0,10,10,15,10,8,10,10,10
0.164351852,10,10,5,2,5,15,10,5,10,10,5,13,9,10,0,10,10,14,10,10,11,10,10
0.115740741,8,10,5,0,5,15,10,7,11,8,5,12,10,10,0,10,10,15,10,10,10,10,10
